,Stock Options,Stock Options,Stock Options
,,,
,,ESOP,50.0
,Market Price,82.5,82.5
,Option Price,44.75,55.5
,Gain/(Loss),37.75,27.0
,Fed Tax (28%),-10.57,-7.5600000000000005
,Soc Sec (6.2%),-2.3405,-1.674
,Medicare (1.45%),-0.5473750000000001,-0.3915
,PW Fee (.06/sh),-0.06,0.94
,Cash/Share,24.232125000000003,18.3145
,Vested Options,175,13.0
,Cash Earned,4240.621875000001,238.08849999999998
