,Purchases,,
,,,
,SD_SYSCON Volume,Nepool Out Losses,Total Schedule
,,,
,50,0.565,50.565
,,,
,100,1.13,101.13
,,,
,98,1.1074,99.1074
,,,
,150,1.6949999999999998,151.695
,,,
,200,2.26,202.26
,,,
,250,2.8249999999999997,252.825
,,,
,300,3.3899999999999997,303.39
,,,
,350,3.9549999999999996,353.955
,,,
,,0,0
,,0,0
,,0,0
,,0,0
,,0,0
,,0,0
,,0,0
,,0,0
