Source: PPPC,,,
,Capacity in 000s tons,,
,1990,2000.0,Growth
,,,
North America,15850,20025.0,0.14037854889589904
Europe,10330,11000.0,0.11831773690437775
Latin America,1545,4245.0,0.30528586839266453
Asia,2715,6190.0,0.2533251483527727
World,31590,43030.0,0.15134887974394146
