NORTHERN NATURAL GAS COMPANY,,,
,,,
,,THROUGHPUT,
YEAR,AREA,Volume,Avg Daily Vol
1999,Market,791419926,2168273.7698630136
1999,,601619477,1648272.5397260273
1999 Total,,1393039403,3816546.309589041
,,,
2000,Market,803705092,2201931.7589041097
2000,,487868030,1336624.7397260275
2000 Total,,1291573122,3538556.498630137
,,,
2001,Market,562360326,2059927.934065934
2001,,256168656,938346.7252747252
2001 Total,,818528982,2998274.659340659
