Region,Length (nt),MREs,Density (MREs/nt)
MREs conserved region 1,519,150,0.28901734104046245
MREs non-conserved region,673,95,0.1411589895988113
MREs conserved region 2,733,297,0.4051841746248295
Whole 3'-UTR (NM_001025366),1925,545,0.2831168831168831
